Empresa Consultora,Fecha Inicio,Fecha Final,Num Encuestados,Pais,Metodo Encuesta,Porcentaje Indecisos,Resultados
Consultora B,2024-05-18,2024-05-27,3203,Espana,Internet,16.15,'(Partido 1: 42.29); (Partido 2: 49.52); (Partido 3: 6.01); (Partido 4: 1.76); (Partido 5: 0.18); (Partido 6: 0.23)'
Consultora B,2024-05-08,2024-05-14,2804,Irlanda,Internet,25.68,'(Partido 1: 86.01); (Partido 2: 13.83); (Partido 3: 0.03); (Partido 4: 0.12); (Partido 5: 0.01)'
Consultora B,2024-05-19,2024-05-24,3778,Bulgaria,Presencial,29.69,'(Partido 1: 31.14); (Partido 2: 19.44); (Partido 3: 23.82); (Partido 4: 2.33); (Partido 5: 7.54); (Partido 6: 3.77); (Partido 7: 4.4); (Partido 8: 3.9); (Partido 9: 2.79); (Partido 10: 0.69); (Partido 11: 0.0); (Partido 12: 0.08); (Partido 13: 0.07); (Partido 14: 0.02); (Partido 15: 0.01)'
Consultora C,2024-05-11,2024-05-20,3270,Francia,Presencial,15.49,'(Partido 1: 19.37); (Partido 2: 59.56); (Partido 3: 11.41); (Partido 4: 4.23); (Partido 5: 2.66); (Partido 6: 2.26); (Partido 7: 0.09); (Partido 8: 0.33); (Partido 9: 0.05); (Partido 10: 0.02); (Partido 11: 0.02)'
Consultora C,2024-05-16,2024-05-20,2920,Belgica,Internet,34.99,'(Partido 1: 41.27); (Partido 2: 43.96); (Partido 3: 1.65); (Partido 4: 3.3); (Partido 5: 0.35); (Partido 6: 2.59); (Partido 7: 0.56); (Partido 8: 4.38)'
Consultora B,2024-05-13,2024-05-17,3213,Bulgaria,Internet,36.74,'(Partido 1: 82.38); (Partido 2: 2.79); (Partido 3: 13.02); (Partido 4: 0.78); (Partido 5: 0.55); (Partido 6: 0.01); (Partido 7: 0.08); (Partido 8: 0.15); (Partido 9: 0.1); (Partido 10: 0.12); (Partido 11: 0.0)'
Consultora A,2024-05-12,2024-05-26,3831,Austria,Internet,34.67,'(Partido 1: 96.62); (Partido 2: 1.5); (Partido 3: 1.47); (Partido 4: 0.26); (Partido 5: 0.1); (Partido 6: 0.04)'
Consultora B,2024-05-13,2024-05-20,3866,Francia,Presencial,33.71,'(Partido 1: 0.02); (Partido 2: 91.86); (Partido 3: 6.54); (Partido 4: 0.26); (Partido 5: 0.66); (Partido 6: 0.4); (Partido 7: 0.15); (Partido 8: 0.1); (Partido 9: 0.01)'
Consultora A,2024-05-20,2024-05-30,2583,Bulgaria,Telefonica,14.54,'(Partido 1: 75.84); (Partido 2: 23.4); (Partido 3: 0.53); (Partido 4: 0.06); (Partido 5: 0.16); (Partido 6: 0.01)'
Consultora C,2024-05-05,2024-05-13,3352,Lituania,Telefonica,28.02,'(Partido 1: 73.5); (Partido 2: 21.54); (Partido 3: 2.09); (Partido 4: 2.09); (Partido 5: 0.69); (Partido 6: 0.02); (Partido 7: 0.01)'
Consultora A,2024-05-18,2024-05-25,3651,Malta,Presencial,17.69,'(Partido 1: 56.09); (Partido 2: 29.82); (Partido 3: 0.6); (Partido 4: 0.7); (Partido 5: 10.69); (Partido 6: 1.7); (Partido 7: 0.13); (Partido 8: 0.08)'
Consultora C,2024-05-08,2024-05-23,2350,Espana,Internet,24.97,'(Partido 1: 93.74); (Partido 2: 0.55); (Partido 3: 4.41); (Partido 4: 0.68); (Partido 5: 0.16); (Partido 6: 0.44); (Partido 7: 0.0); (Partido 8: 0.01); (Partido 9: 0.0); (Partido 10: 0.01)'
Consultora B,2024-05-09,2024-05-28,2565,Malta,Internet,20.93,'(Partido 1: 80.23); (Partido 2: 3.21); (Partido 3: 4.52); (Partido 4: 7.31); (Partido 5: 3.23); (Partido 6: 1.16); (Partido 7: 0.28); (Partido 8: 0.05); (Partido 9: 0.0); (Partido 10: 0.0); (Partido 11: 0.0)'
Consultora A,2024-05-08,2024-05-18,2959,Irlanda,Internet,26.3,'(Partido 1: 32.78); (Partido 2: 49.58); (Partido 3: 1.33); (Partido 4: 0.31); (Partido 5: 4.85); (Partido 6: 8.24); (Partido 7: 0.3); (Partido 8: 1.46); (Partido 9: 1.12); (Partido 10: 0.01); (Partido 11: 0.02); (Partido 12: 0.0); (Partido 13: 0.0); (Partido 14: 0.0); (Partido 15: 0.0); (Partido 16: 0.0); (Partido 17: 0.0); (Partido 18: 0.0); (Partido 19: 0.0)'
Consultora A,2024-05-20,2024-05-25,3499,Lituania,Telefonica,23.99,'(Partido 1: 97.99); (Partido 2: 0.01); (Partido 3: 1.61); (Partido 4: 0.22); (Partido 5: 0.17)'
Consultora A,2024-05-09,2024-05-28,2704,Hungria,Internet,25.44,'(Partido 1: 87.58); (Partido 2: 7.61); (Partido 3: 4.6); (Partido 4: 0.01); (Partido 5: 0.03); (Partido 6: 0.05); (Partido 7: 0.04); (Partido 8: 0.07); (Partido 9: 0.01)'
Consultora B,2024-05-16,2024-05-21,2032,Lituania,Telefonica,29.08,'(Partido 1: 87.71); (Partido 2: 1.7); (Partido 3: 8.54); (Partido 4: 0.19); (Partido 5: 1.43); (Partido 6: 0.24); (Partido 7: 0.11); (Partido 8: 0.01); (Partido 9: 0.06)'
Consultora C,2024-05-10,2024-05-20,2817,Portugal,Internet,19.27,'(Partido 1: 38.9); (Partido 2: 16.56); (Partido 3: 11.69); (Partido 4: 32.65); (Partido 5: 0.14); (Partido 6: 0.01); (Partido 7: 0.01); (Partido 8: 0.01)'
Consultora A,2024-05-06,2024-05-30,2053,Portugal,Internet,30.05,'(Partido 1: 12.11); (Partido 2: 38.4); (Partido 3: 19.0); (Partido 4: 22.53); (Partido 5: 7.01); (Partido 6: 0.75); (Partido 7: 0.15); (Partido 8: 0.01); (Partido 9: 0.03); (Partido 10: 0.01)'
Consultora B,2024-05-15,2024-05-30,2463,Grecia,Internet,30.4,'(Partido 1: 97.89); (Partido 2: 1.38); (Partido 3: 0.19); (Partido 4: 0.04); (Partido 5: 0.23); (Partido 6: 0.01); (Partido 7: 0.15); (Partido 8: 0.03); (Partido 9: 0.02); (Partido 10: 0.01); (Partido 11: 0.03); (Partido 12: 0.0); (Partido 13: 0.01); (Partido 14: 0.01)'
Consultora C,2024-05-06,2024-05-25,2614,Portugal,Internet,20.57,'(Partido 1: 93.49); (Partido 2: 2.82); (Partido 3: 2.94); (Partido 4: 0.26); (Partido 5: 0.44); (Partido 6: 0.03); (Partido 7: 0.0); (Partido 8: 0.01); (Partido 9: 0.01)'
Consultora B,2024-05-10,2024-05-26,3291,Estonia,Internet,16.15,'(Partido 1: 46.52); (Partido 2: 11.16); (Partido 3: 25.23); (Partido 4: 4.12); (Partido 5: 6.6); (Partido 6: 3.13); (Partido 7: 0.06); (Partido 8: 0.5); (Partido 9: 0.46); (Partido 10: 1.4); (Partido 11: 0.47); (Partido 12: 0.13); (Partido 13: 0.21); (Partido 14: 0.01)'
Consultora C,2024-05-08,2024-05-17,2261,Suecia,Internet,20.61,'(Partido 1: 95.94); (Partido 2: 3.78); (Partido 3: 0.16); (Partido 4: 0.09); (Partido 5: 0.01); (Partido 6: 0.01); (Partido 7: 0.01)'
Consultora A,2024-05-08,2024-05-14,3149,Grecia,Internet,23.31,'(Partido 1: 94.16); (Partido 2: 3.33); (Partido 3: 0.12); (Partido 4: 0.18); (Partido 5: 2.07); (Partido 6: 0.07)'
Consultora C,2024-05-10,2024-05-20,2939,Irlanda,Presencial,24.3,'(Partido 1: 36.09); (Partido 2: 33.94); (Partido 3: 17.24); (Partido 4: 2.32); (Partido 5: 5.52); (Partido 6: 2.11); (Partido 7: 1.57); (Partido 8: 0.52); (Partido 9: 0.45)'
Consultora C,2024-05-12,2024-05-29,2785,Croacia,Presencial,32.05,'(Partido 1: 8.16); (Partido 2: 16.37); (Partido 3: 73.91); (Partido 4: 0.94); (Partido 5: 0.17); (Partido 6: 0.36); (Partido 7: 0.05); (Partido 8: 0.04)'
Consultora B,2024-05-07,2024-05-30,3012,Rumania,Internet,29.79,'(Partido 1: 12.31); (Partido 2: 23.61); (Partido 3: 27.6); (Partido 4: 27.9); (Partido 5: 1.33)'
Consultora B,2024-05-16,2024-05-21,2487,Letonia,Presencial,22.02,'(Partido 1: 97.82); (Partido 2: 1.04); (Partido 3: 0.56); (Partido 4: 0.09); (Partido 5: 0.44); (Partido 6: 0.02); (Partido 7: 0.0); (Partido 8: 0.02); (Partido 9: 0.0)'
Consultora C,2024-05-16,2024-05-23,2540,Suecia,Telefonica,10.04,'(Partido 1: 87.24); (Partido 2: 6.49); (Partido 3: 2.18); (Partido 4: 0.38); (Partido 5: 0.34); (Partido 6: 2.24); (Partido 7: 0.42); (Partido 8: 0.42); (Partido 9: 0.17); (Partido 10: 0.07); (Partido 11: 0.04); (Partido 12: 0.0); (Partido 13: 0.0); (Partido 14: 0.01)'
Consultora B,2024-05-06,2024-05-16,2918,Espana,Telefonica,29.52,'(Partido 1: 18.42); (Partido 2: 67.79); (Partido 3: 12.76); (Partido 4: 0.5); (Partido 5: 0.3); (Partido 6: 0.0); (Partido 7: 0.1); (Partido 8: 0.07); (Partido 9: 0.0); (Partido 10: 0.0); (Partido 11: 0.03); (Partido 12: 0.0)'
Consultora A,2024-05-12,2024-05-26,3532,Bulgaria,Internet,32.11,'(Partido 1: 59.13); (Partido 2: 0.44); (Partido 3: 28.96); (Partido 4: 4.75)'
Consultora A,2024-05-05,2024-05-21,2311,Espana,Telefonica,34.56,'(Partido 1: 88.63); (Partido 2: 4.94); (Partido 3: 5.33); (Partido 4: 0.22)'
Consultora B,2024-05-06,2024-05-16,2805,Lituania,Telefonica,12.8,'(Partido 1: 34.1); (Partido 2: 46.9); (Partido 3: 1.97); (Partido 4: 10.18); (Partido 5: 1.45); (Partido 6: 1.0); (Partido 7: 4.11); (Partido 8: 0.15); (Partido 9: 0.03); (Partido 10: 0.07); (Partido 11: 0.03)'
Consultora B,2024-05-14,2024-05-22,3537,Hungria,Telefonica,16.41,'(Partido 1: 22.71); (Partido 2: 42.26); (Partido 3: 21.04); (Partido 4: 4.61); (Partido 5: 6.78); (Partido 6: 0.46); (Partido 7: 1.0); (Partido 8: 0.21)'
Consultora C,2024-05-11,2024-05-18,2580,Belgica,Telefonica,32.33,'(Partido 1: 62.17); (Partido 2: 1.76)'
Consultora C,2024-05-11,2024-05-17,2274,Luxemburgo,Telefonica,27.38,'(Partido 1: 26.43); (Partido 2: 12.8); (Partido 3: 54.82); (Partido 4: 4.21); (Partido 5: 1.27); (Partido 6: 0.37); (Partido 7: 0.02); (Partido 8: 0.02); (Partido 9: 0.04); (Partido 10: 0.0); (Partido 11: 0.02)'
Consultora B,2024-05-05,2024-05-26,3153,Grecia,Telefonica,34.43,'(Partido 1: 4.47); (Partido 2: 65.24); (Partido 3: 27.29); (Partido 4: 0.31); (Partido 5: 1.24); (Partido 6: 1.08); (Partido 7: 0.04); (Partido 8: 0.23); (Partido 9: 0.01); (Partido 10: 0.09)'
Consultora B,2024-05-13,2024-05-23,2145,Italia,Internet,23.43,'(Partido 1: 38.24); (Partido 2: 55.14); (Partido 3: 4.32); (Partido 4: 0.58); (Partido 5: 0.0); (Partido 6: 1.42); (Partido 7: 0.13); (Partido 8: 0.03); (Partido 9: 0.03); (Partido 10: 0.07); (Partido 11: 0.03); (Partido 12: 0.01); (Partido 13: 0.0); (Partido 14: 0.0); (Partido 15: 0.0); (Partido 16: 0.0); (Partido 17: 0.0); (Partido 18: 0.0); (Partido 19: 0.0); (Partido 20: 0.0)'
Consultora A,2024-05-18,2024-05-24,2869,Eslovenia,Presencial,38.53,'(Partido 1: 36.65); (Partido 2: 10.92); (Partido 3: 21.92); (Partido 4: 26.73); (Partido 5: 3.36); (Partido 6: 0.1); (Partido 7: 0.03); (Partido 8: 0.12); (Partido 9: 0.09); (Partido 10: 0.02); (Partido 11: 0.02); (Partido 12: 0.04)'
Consultora A,2024-05-15,2024-05-29,3854,Eslovaquia,Telefonica,18.62,'(Partido 1: 84.08); (Partido 2: 1.67); (Partido 3: 10.9); (Partido 4: 1.71); (Partido 5: 0.26); (Partido 6: 1.24); (Partido 7: 0.05); (Partido 8: 0.01); (Partido 9: 0.07); (Partido 10: 0.01)'
Consultora A,2024-05-10,2024-05-19,2996,Paises Bajos,Internet,26.16,'(Partido 1: 15.2); (Partido 2: 72.06); (Partido 3: 2.04); (Partido 4: 7.86); (Partido 5: 2.05); (Partido 6: 0.16); (Partido 7: 0.22)'
Consultora C,2024-05-05,2024-05-18,3756,Irlanda,Internet,16.08,'(Partido 1: 0.28); (Partido 2: 60.37); (Partido 3: 22.39); (Partido 4: 1.95); (Partido 5: 12.32); (Partido 6: 0.19); (Partido 7: 2.48); (Partido 8: 0.01); (Partido 9: 0.0); (Partido 10: 0.0); (Partido 11: 0.01)'
Consultora A,2024-05-17,2024-05-27,2479,Portugal,Internet,39.79,'(Partido 1: 43.17); (Partido 2: 40.49); (Partido 3: 11.41); (Partido 4: 3.66); (Partido 5: 1.08); (Partido 6: 0.16); (Partido 7: 0.0); (Partido 8: 0.02); (Partido 9: 0.01)'
Consultora C,2024-05-12,2024-05-19,3603,Dinamarca,Internet,31.67,'(Partido 1: 52.55); (Partido 2: 7.02); (Partido 3: 6.38); (Partido 4: 22.21); (Partido 5: 1.93); (Partido 6: 1.51); (Partido 7: 7.64); (Partido 8: 0.66); (Partido 9: 0.04); (Partido 10: 0.01); (Partido 11: 0.03)'
Consultora A,2024-05-11,2024-05-26,2423,Espana,Presencial,26.04,'(Partido 1: 68.53); (Partido 2: 10.84); (Partido 3: 12.8); (Partido 4: 0.25); (Partido 5: 5.24); (Partido 6: 1.82); (Partido 7: 0.19); (Partido 8: 0.1); (Partido 9: 0.08); (Partido 10: 0.12); (Partido 11: 0.02); (Partido 12: 0.01); (Partido 13: 0.0); (Partido 14: 0.0); (Partido 15: 0.0); (Partido 16: 0.0); (Partido 17: 0.0); (Partido 18: 0.0)'
Consultora C,2024-05-16,2024-05-29,2975,Belgica,Internet,16.96,'(Partido 1: 82.53); (Partido 2: 14.63); (Partido 3: 2.38); (Partido 4: 0.17); (Partido 5: 0.06); (Partido 6: 0.1); (Partido 7: 0.08); (Partido 8: 0.04); (Partido 9: 0.0); (Partido 10: 0.01)'
Consultora C,2024-05-12,2024-05-28,3362,Alemania,Presencial,33.83,'(Partido 1: 96.78); (Partido 2: 0.42); (Partido 3: 0.98); (Partido 4: 0.44); (Partido 5: 0.2); (Partido 6: 0.17); (Partido 7: 0.14); (Partido 8: 0.04); (Partido 9: 0.08)'
Consultora A,2024-05-12,2024-05-21,3676,Finlandia,Internet,10.47,'(Partido 1: 15.37); (Partido 2: 42.31); (Partido 3: 41.23); (Partido 4: 0.61); (Partido 5: 0.37); (Partido 6: 0.06); (Partido 7: 0.01); (Partido 8: 0.01); (Partido 9: 0.01); (Partido 10: 0.01)'
Consultora A,2024-05-18,2024-05-30,3924,Rumania,Internet,38.2,'(Partido 1: 91.69); (Partido 2: 3.55); (Partido 3: 3.61); (Partido 4: 0.46); (Partido 5: 0.35); (Partido 6: 0.24); (Partido 7: 0.06); (Partido 8: 0.04); (Partido 9: 0.0); (Partido 10: 0.0); (Partido 11: 0.0); (Partido 12: 0.0); (Partido 13: 0.0); (Partido 14: 0.0); (Partido 15: 0.0); (Partido 16: 0.0); (Partido 17: 0.0); (Partido 18: 0.0); (Partido 19: 0.0); (Partido 20: 0.0)'
Consultora C,2024-05-16,2024-05-21,2944,Eslovenia,Telefonica,35.67,'(Partido 1: 31.83); (Partido 2: 45.36); (Partido 3: 19.28); (Partido 4: 1.79); (Partido 5: 1.4); (Partido 6: 0.11)'
Consultora A,2024-05-16,2024-05-26,3322,Italia,Presencial,20.3,'(Partido 1: 92.31); (Partido 2: 2.39); (Partido 3: 4.19); (Partido 4: 0.44); (Partido 5: 0.38); (Partido 6: 0.18); (Partido 7: 0.04); (Partido 8: 0.07)'
Consultora B,2024-05-16,2024-05-23,2228,Grecia,Telefonica,14.58,'(Partido 1: 20.17); (Partido 2: 15.68); (Partido 3: 10.97)'
Consultora C,2024-05-07,2024-05-18,3987,Letonia,Telefonica,24.35,'(Partido 1: 13.0); (Partido 2: 29.42); (Partido 3: 2.0); (Partido 4: 39.14); (Partido 5: 11.3); (Partido 6: 0.88); (Partido 7: 4.24); (Partido 8: 0.02); (Partido 9: 0.0); (Partido 10: 0.0); (Partido 11: 0.0); (Partido 12: 0.0); (Partido 13: 0.0); (Partido 14: 0.0); (Partido 15: 0.0); (Partido 16: 0.0); (Partido 17: 0.0); (Partido 18: 0.0)'
Consultora A,2024-05-10,2024-05-21,2419,Eslovenia,Telefonica,11.49,'(Partido 1: 62.67); (Partido 2: 8.37); (Partido 3: 12.74); (Partido 4: 12.81); (Partido 5: 2.01); (Partido 6: 1.24)'
Consultora B,2024-05-13,2024-05-19,2155,Polonia,Telefonica,30.99,'(Partido 1: 72.46); (Partido 2: 24.34); (Partido 3: 1.77); (Partido 4: 1.18); (Partido 5: 0.19); (Partido 6: 0.03); (Partido 7: 0.01); (Partido 8: 0.01); (Partido 9: 0.01)'
Consultora A,2024-05-06,2024-05-15,3649,Italia,Telefonica,37.8,'(Partido 1: 66.31); (Partido 2: 22.37); (Partido 3: 7.07); (Partido 4: 1.97); (Partido 5: 1.4)'
Consultora C,2024-05-17,2024-05-29,3228,Finlandia,Telefonica,12.54,'(Partido 1: 11.41); (Partido 2: 85.33); (Partido 3: 1.4); (Partido 4: 0.89); (Partido 5: 0.47); (Partido 6: 0.1); (Partido 7: 0.17); (Partido 8: 0.18); (Partido 9: 0.05)'
Consultora C,2024-05-10,2024-05-23,3093,Espana,Presencial,23.62,'(Partido 1: 19.16); (Partido 2: 68.76); (Partido 3: 3.06); (Partido 4: 0.94)'
Consultora B,2024-05-13,2024-05-27,2199,Hungria,Internet,36.19,'(Partido 1: 69.69); (Partido 2: 2.66); (Partido 3: 5.8); (Partido 4: 18.0); (Partido 5: 2.23); (Partido 6: 0.47); (Partido 7: 0.27); (Partido 8: 0.15); (Partido 9: 0.39); (Partido 10: 0.03); (Partido 11: 0.23); (Partido 12: 0.01); (Partido 13: 0.05)'
Consultora B,2024-05-14,2024-05-19,2620,Eslovenia,Telefonica,10.16,'(Partido 1: 85.99); (Partido 2: 11.8); (Partido 3: 0.89); (Partido 4: 0.95); (Partido 5: 0.01); (Partido 6: 0.24); (Partido 7: 0.1); (Partido 8: 0.0); (Partido 9: 0.01); (Partido 10: 0.01)'
Consultora C,2024-05-17,2024-05-25,3339,Italia,Telefonica,18.0,'(Partido 1: 47.89); (Partido 2: 37.91); (Partido 3: 11.48); (Partido 4: 0.03)'
Consultora C,2024-05-06,2024-05-11,2659,Paises Bajos,Internet,24.9,'(Partido 1: 95.93); (Partido 2: 0.07)'
Consultora C,2024-05-07,2024-05-22,3495,Irlanda,Telefonica,32.79,'(Partido 1: 25.37); (Partido 2: 60.29); (Partido 3: 2.64); (Partido 4: 7.76); (Partido 5: 2.42); (Partido 6: 1.35); (Partido 7: 0.03); (Partido 8: 0.05); (Partido 9: 0.04); (Partido 10: 0.03)'
Consultora C,2024-05-08,2024-05-22,3857,Rumania,Presencial,36.45,'(Partido 1: 68.3); (Partido 2: 6.72); (Partido 3: 20.94); (Partido 4: 2.16); (Partido 5: 1.85); (Partido 6: 0.01); (Partido 7: 0.0); (Partido 8: 0.01)'
Consultora C,2024-05-17,2024-05-21,2649,Croacia,Telefonica,27.69,'(Partido 1: 73.08); (Partido 2: 5.03); (Partido 3: 0.65); (Partido 4: 11.31); (Partido 5: 3.16); (Partido 6: 3.68); (Partido 7: 2.52); (Partido 8: 0.46)'
Consultora A,2024-05-14,2024-05-21,2443,Grecia,Presencial,30.51,'(Partido 1: 11.51); (Partido 2: 17.18)'
Consultora C,2024-05-14,2024-05-23,3742,Irlanda,Telefonica,16.73,'(Partido 1: 94.49); (Partido 2: 1.17); (Partido 3: 2.01); (Partido 4: 0.45); (Partido 5: 1.62); (Partido 6: 0.09)'
Consultora C,2024-05-08,2024-05-25,3703,Polonia,Telefonica,38.2,'(Partido 1: 63.11); (Partido 2: 7.98); (Partido 3: 14.98)'
Consultora A,2024-05-07,2024-05-29,3265,Espana,Presencial,38.95,'(Partido 1: 29.74); (Partido 2: 10.74); (Partido 3: 53.16)'
Consultora A,2024-05-12,2024-05-28,2971,Austria,Internet,23.72,'(Partido 1: 79.17); (Partido 2: 17.25); (Partido 3: 0.2); (Partido 4: 0.67); (Partido 5: 1.34); (Partido 6: 0.89); (Partido 7: 0.47); (Partido 8: 0.01)'
Consultora A,2024-05-19,2024-05-27,2615,Eslovenia,Presencial,35.39,'(Partido 1: 30.96); (Partido 2: 39.66); (Partido 3: 25.5); (Partido 4: 2.97); (Partido 5: 0.44); (Partido 6: 0.42)'
Consultora C,2024-05-19,2024-05-25,3935,Malta,Telefonica,10.8,'(Partido 1: 55.42); (Partido 2: 10.96); (Partido 3: 14.31); (Partido 4: 1.89); (Partido 5: 7.28); (Partido 6: 2.13); (Partido 7: 3.93); (Partido 8: 0.62)'
Consultora A,2024-05-09,2024-05-20,2396,Espana,Telefonica,17.76,'(Partido 1: 94.32); (Partido 2: 3.13); (Partido 3: 1.39); (Partido 4: 0.32); (Partido 5: 0.22); (Partido 6: 0.06); (Partido 7: 0.52); (Partido 8: 0.03); (Partido 9: 0.0); (Partido 10: 0.01); (Partido 11: 0.0); (Partido 12: 0.0); (Partido 13: 0.0); (Partido 14: 0.0); (Partido 15: 0.0); (Partido 16: 0.0)'
Consultora C,2024-05-19,2024-05-29,2500,Chipre,Presencial,36.26,'(Partido 1: 72.94); (Partido 2: 18.46); (Partido 3: 4.96); (Partido 4: 2.04); (Partido 5: 0.77); (Partido 6: 0.06); (Partido 7: 0.14); (Partido 8: 0.16); (Partido 9: 0.34); (Partido 10: 0.11); (Partido 11: 0.0); (Partido 12: 0.01)'
Consultora A,2024-05-09,2024-05-23,3453,Francia,Presencial,30.08,'(Partido 1: 57.93); (Partido 2: 5.17); (Partido 3: 33.2); (Partido 4: 0.58); (Partido 5: 0.01); (Partido 6: 2.6); (Partido 7: 0.46); (Partido 8: 0.0)'
Consultora B,2024-05-19,2024-05-27,2738,Croacia,Telefonica,23.03,'(Partido 1: 10.51); (Partido 2: 55.4); (Partido 3: 12.23); (Partido 4: 2.32); (Partido 5: 8.95); (Partido 6: 9.23); (Partido 7: 0.73); (Partido 8: 0.52); (Partido 9: 0.03); (Partido 10: 0.02); (Partido 11: 0.06)'
Consultora A,2024-05-08,2024-05-20,2043,Chipre,Presencial,27.26,'(Partido 1: 56.16); (Partido 2: 5.41); (Partido 3: 18.9); (Partido 4: 1.87); (Partido 5: 1.33); (Partido 6: 13.28); (Partido 7: 2.1); (Partido 8: 0.21); (Partido 9: 0.67); (Partido 10: 0.03); (Partido 11: 0.04)'
Consultora C,2024-05-07,2024-05-11,3926,Francia,Internet,20.22,'(Partido 1: 97.31); (Partido 2: 0.04); (Partido 3: 0.4); (Partido 4: 1.33); (Partido 5: 0.66); (Partido 6: 0.04); (Partido 7: 0.04); (Partido 8: 0.03); (Partido 9: 0.05); (Partido 10: 0.07); (Partido 11: 0.02); (Partido 12: 0.0); (Partido 13: 0.0)'
Consultora B,2024-05-09,2024-05-27,3541,Estonia,Presencial,10.03,'(Partido 1: 44.26); (Partido 2: 3.79); (Partido 3: 27.05); (Partido 4: 14.99); (Partido 5: 2.17); (Partido 6: 1.29); (Partido 7: 5.76); (Partido 8: 0.19); (Partido 9: 0.15)'
Consultora C,2024-05-15,2024-05-30,3322,Italia,Presencial,14.63,'(Partido 1: 88.04); (Partido 2: 11.94); (Partido 3: 0.0); (Partido 4: 0.01); (Partido 5: 0.01)'
Consultora C,2024-05-19,2024-05-25,2971,Paises Bajos,Telefonica,35.59,'(Partido 1: 10.21); (Partido 2: 82.47); (Partido 3: 6.69); (Partido 4: 0.08); (Partido 5: 0.16); (Partido 6: 0.37); (Partido 7: 0.0); (Partido 8: 0.01); (Partido 9: 0.0); (Partido 10: 0.0); (Partido 11: 0.0); (Partido 12: 0.01)'
Consultora C,2024-05-11,2024-05-30,2636,Alemania,Presencial,36.86,'(Partido 1: 30.62); (Partido 2: 60.59); (Partido 3: 2.97); (Partido 4: 5.37); (Partido 5: 0.28); (Partido 6: 0.03); (Partido 7: 0.06); (Partido 8: 0.03); (Partido 9: 0.02); (Partido 10: 0.01); (Partido 11: 0.02)'
Consultora B,2024-05-19,2024-05-27,2152,Croacia,Presencial,23.9,'(Partido 1: 10.59); (Partido 2: 81.47); (Partido 3: 4.7); (Partido 4: 1.47); (Partido 5: 0.57); (Partido 6: 0.16); (Partido 7: 0.39); (Partido 8: 0.34); (Partido 9: 0.22); (Partido 10: 0.01); (Partido 11: 0.04); (Partido 12: 0.03); (Partido 13: 0.0); (Partido 14: 0.0); (Partido 15: 0.0); (Partido 16: 0.0)'
Consultora A,2024-05-14,2024-05-25,3494,Letonia,Internet,32.95,'(Partido 1: 8.62); (Partido 2: 68.38); (Partido 3: 19.69); (Partido 4: 2.49); (Partido 5: 0.36); (Partido 6: 0.23); (Partido 7: 0.22); (Partido 8: 0.0); (Partido 9: 0.0); (Partido 10: 0.01)'
Consultora B,2024-05-12,2024-05-28,3884,Luxemburgo,Presencial,19.59,'(Partido 1: 19.77); (Partido 2: 0.6); (Partido 3: 62.04); (Partido 4: 5.17)'
Consultora A,2024-05-08,2024-05-24,3130,Luxemburgo,Internet,10.0,'(Partido 1: 4.6); (Partido 2: 73.63); (Partido 3: 12.66); (Partido 4: 0.11); (Partido 5: 1.97)'
Consultora B,2024-05-05,2024-05-14,3094,Alemania,Telefonica,30.91,'(Partido 1: 68.97); (Partido 2: 13.87); (Partido 3: 16.87); (Partido 4: 0.24); (Partido 5: 0.02); (Partido 6: 0.0); (Partido 7: 0.0); (Partido 8: 0.01); (Partido 9: 0.01); (Partido 10: 0.0); (Partido 11: 0.01)'
Consultora B,2024-05-20,2024-05-27,3048,Austria,Internet,35.4,'(Partido 1: 50.18); (Partido 2: 39.52); (Partido 3: 6.4); (Partido 4: 3.86); (Partido 5: 0.03); (Partido 6: 0.0); (Partido 7: 0.01)'
Consultora B,2024-05-14,2024-05-18,2269,Rumania,Presencial,11.59,'(Partido 1: 2.9); (Partido 2: 84.63); (Partido 3: 8.59); (Partido 4: 0.81); (Partido 5: 2.35); (Partido 6: 0.34); (Partido 7: 0.06); (Partido 8: 0.03); (Partido 9: 0.18); (Partido 10: 0.02); (Partido 11: 0.07); (Partido 12: 0.02)'
Consultora B,2024-05-18,2024-05-30,3258,Alemania,Internet,24.14,'(Partido 1: 74.17); (Partido 2: 16.51); (Partido 3: 0.83); (Partido 4: 1.65); (Partido 5: 2.27); (Partido 6: 0.79); (Partido 7: 0.66); (Partido 8: 0.94); (Partido 9: 0.27); (Partido 10: 1.21); (Partido 11: 0.26); (Partido 12: 0.14); (Partido 13: 0.25); (Partido 14: 0.03); (Partido 15: 0.0); (Partido 16: 0.0); (Partido 17: 0.02)'
Consultora B,2024-05-18,2024-05-29,2035,Belgica,Telefonica,32.46,'(Partido 1: 6.0); (Partido 2: 62.09)'
Consultora B,2024-05-06,2024-05-24,2520,Austria,Telefonica,24.56,'(Partido 1: 70.41); (Partido 2: 27.99); (Partido 3: 0.57); (Partido 4: 0.3)'
Consultora B,2024-05-14,2024-05-24,3900,Hungria,Presencial,31.16,'(Partido 1: 63.15); (Partido 2: 7.42); (Partido 3: 5.78); (Partido 4: 0.34); (Partido 5: 6.13); (Partido 6: 4.46); (Partido 7: 8.59); (Partido 8: 2.06); (Partido 9: 0.25)'
Consultora A,2024-05-19,2024-05-28,2707,Finlandia,Telefonica,34.06,'(Partido 1: 19.95); (Partido 2: 51.35); (Partido 3: 16.45); (Partido 4: 0.79)'
Consultora A,2024-05-10,2024-05-30,3757,Suecia,Internet,10.19,'(Partido 1: 71.43); (Partido 2: 25.46); (Partido 3: 2.57); (Partido 4: 0.05); (Partido 5: 0.01); (Partido 6: 0.14); (Partido 7: 0.09); (Partido 8: 0.2); (Partido 9: 0.04); (Partido 10: 0.01)'
Consultora B,2024-05-16,2024-05-27,3025,Luxemburgo,Presencial,23.97,'(Partido 1: 80.97); (Partido 2: 4.31); (Partido 3: 0.74); (Partido 4: 7.43); (Partido 5: 0.94); (Partido 6: 2.25); (Partido 7: 2.58); (Partido 8: 0.59); (Partido 9: 0.17); (Partido 10: 0.01); (Partido 11: 0.01)'
Consultora A,2024-05-19,2024-05-28,2918,Irlanda,Internet,13.47,'(Partido 1: 39.24); (Partido 2: 11.31); (Partido 3: 36.8); (Partido 4: 1.43); (Partido 5: 1.03); (Partido 6: 0.32); (Partido 7: 5.69); (Partido 8: 1.75); (Partido 9: 1.78); (Partido 10: 0.28); (Partido 11: 0.09); (Partido 12: 0.14); (Partido 13: 0.02); (Partido 14: 0.07)'
Consultora B,2024-05-09,2024-05-17,2481,Chipre,Telefonica,15.8,'(Partido 1: 6.3); (Partido 2: 66.86); (Partido 3: 13.53); (Partido 4: 1.3); (Partido 5: 7.4); (Partido 6: 2.64); (Partido 7: 1.71); (Partido 8: 0.16); (Partido 9: 0.04); (Partido 10: 0.04)'
Consultora A,2024-05-10,2024-05-16,3594,Paises Bajos,Internet,39.95,'(Partido 1: 37.92); (Partido 2: 54.7)'
Consultora A,2024-05-10,2024-05-24,2593,Chipre,Internet,29.17,'(Partido 1: 47.93); (Partido 2: 37.26); (Partido 3: 10.63); (Partido 4: 3.85); (Partido 5: 0.27); (Partido 6: 0.04); (Partido 7: 0.0); (Partido 8: 0.01); (Partido 9: 0.0); (Partido 10: 0.01)'
